{
  "integrations": [
    {
      "id": "2a883512-a489-4f64-8079-4621125db08a",
      "name": "My Form - Add Comment to Incident",
      "action": "RUN_SCRIPT",
      "type": "OUTBOUND_WEBHOOK",
      "triggeredBy": "RESPONSE",
      "responseChoice": "Add Comment to Incident",
      "deployed": true,
      "form": "17957b68-cbc4-405d-9b79-0a8e06aa5abd",
      "environment": "HOSTED",
      "authType": "NONE",
      "createdBy": "FLOW"
    },
    {
      "id": "056dd0e0-3a7b-4259-b028-9086994a27c9",
      "name": "My Form - Create Incident",
      "action": "RUN_SCRIPT",
      "type": "OUTBOUND_WEBHOOK",
      "triggeredBy": "RESPONSE",
      "responseChoice": "Create Incident",
      "deployed": true,
      "form": "17957b68-cbc4-405d-9b79-0a8e06aa5abd",
      "environment": "HOSTED",
      "authType": "NONE",
      "createdBy": "FLOW"
    },
    {
      "id": "f972b87c-ab44-4407-a83e-baa4f881b283",
      "name": "My Form - Event Comments",
      "action": "RUN_SCRIPT",
      "type": "OUTBOUND_WEBHOOK",
      "triggeredBy": "ANNOTATION",
      "deployed": true,
      "form": "17957b68-cbc4-405d-9b79-0a8e06aa5abd",
      "environment": "HOSTED",
      "authType": "NONE",
      "createdBy": "FLOW"
    },
    {
      "id": "56c8f855-b389-41de-917c-4692e59a62d4",
      "name": "My Form - Issue Identified",
      "action": "RUN_SCRIPT",
      "type": "OUTBOUND_WEBHOOK",
      "triggeredBy": "RESPONSE",
      "responseChoice": "Issue Identified",
      "deployed": true,
      "form": "17957b68-cbc4-405d-9b79-0a8e06aa5abd",
      "environment": "HOSTED",
      "authType": "NONE",
      "createdBy": "FLOW"
    },
    {
      "id": "0789c009-ec1c-4cc8-816c-aef8a4eb9af6",
      "name": "My Form - Resolve Incident",
      "action": "RUN_SCRIPT",
      "type": "OUTBOUND_WEBHOOK",
      "triggeredBy": "RESPONSE",
      "responseChoice": "Resolve Incident",
      "deployed": true,
      "form": "17957b68-cbc4-405d-9b79-0a8e06aa5abd",
      "environment": "HOSTED",
      "authType": "NONE",
      "createdBy": "FLOW"
    }
  ],
  "endpoints": [
    {
      "name": "StatusHub",
      "baseUrl": "https://api.statushub.io",
      "type": "EXTERNAL",
      "authentication": "NO_AUTH"
    }
  ],
  "constants": []
}