[
  {
    "id": "2b926154-4216-4277-bc74-1ce5d35e29fb",
    "name": "Add Comment to StatusHub Incident",
    "description": "",
    "icon": "/static/images/script_steps/default-brackets.png",
    "script": "var incidentName = input[\"Incident ID\"] + \" - A new issue has been detected\"\n// Get service ID and incident\nvar serviceID = null;\nvar found = false;\nvar page = 1;\ndo {\n    var shRequest = http.request({\n        'endpoint': 'StatusHub',\n        'method': 'Get',\n        'path': '/api/status_pages/' + input[\"Subdomain\"] + '/services?api_key=' + input[\"API Key\"] + '&page=' + page + '&per_page=100'\n    });\n    page ++;\n    shResponse = shRequest.write();\n    var statusJson = JSON.parse( shResponse.body );\n    for ( i = 0; i < statusJson.length; i++ ) {\n        if ( statusJson[i].name == input[\"Service Name\"] ) {\n            serviceID = statusJson[i].id;\n            found = true;\n            break;\n        }\n    } \n} while ( statusJson.length == 100 && !found )\nif ( serviceID == null ) {\n    throw \"StatusHub Service not found for '\" + input[\"Service Name\"] + \"'\";\n}\n// Get data for incident\nvar StatusHubData = null;\nfound = false;\nvar page = 1;\ndo {\n    var shRequest = http.request({\n        'endpoint': 'StatusHub',\n        'method': 'Get',\n        'path': '/api/status_pages/' + input[\"Subdomain\"] + '/services/' + serviceID + '/incidents?api_key=' + input[\"API Key\"] + '&status=open&page=' + page + '&per_page=100'\n    });\n    page ++;\n    shResponse = shRequest.write();\n    var statusJson = JSON.parse( shResponse.body );\n    for ( i = 0; i < statusJson.length; i++ ) {\n        if ( statusJson[i].title.contains( incidentName ) ) {\n            StatusHubData = statusJson[i];\n            found = true;\n        }\n    } \n} while ( statusJson.length == 100 )\nif( StatusHubData === null ) {\n    throw \"No StatusHub incident found for '\" + incidentName + \"'\";\n}\nvar incidentID = StatusHubData.id;\nvar payload = {\n    \"incident\": {\n        \"title\": incidentName,\n        \"update\": {\n            \"body\": input[\"Comment\"],\n            \"incident_type\": StatusHubData.incident_updates[0].incident_type\n        }\n    },\n    \"service_status\": {\n        \"status_name\": \"degraded-performance\"\n    }\n};\n\n// Prepare the HTTP request\nvar shRequest = http.request({\n    'endpoint': 'StatusHub',\n    'method': 'PUT',\n    'path': '/api/status_pages/' + input[\"Subdomain\"] + '/services/' + serviceID + '/incidents/' + incidentID + '?api_key=' + input[\"API Key\"],\n    'headers': {\n        'Content-Type': 'application/json'\n    }\n});\nshResponse = shRequest.write(payload);\n",
    "endpointAuthType": "NO_AUTH",
    "endpointLabel": "StatusHub",
    "scriptStepType": "PLAN",
    "inputs": [
      {
        "id": "988b039c-af4e-48a8-ae5c-f26ef8b5e9cc",
        "name": "Subdomain",
        "helpText": "",
        "defaultValue": "",
        "multiline": false,
        "required": true,
        "maxLength": 2000,
        "minLength": 0,
        "position": 0
      },
      {
        "id": "585a5338-5187-4e49-bea0-3ccaea313d61",
        "name": "API Key",
        "helpText": "",
        "defaultValue": "",
        "multiline": false,
        "required": true,
        "maxLength": 2000,
        "minLength": 0,
        "position": 1
      },
      {
        "id": "44f41739-002c-48ec-baf2-36c3cfc0a902",
        "name": "Service Name",
        "helpText": "",
        "defaultValue": "",
        "multiline": false,
        "required": true,
        "maxLength": 2000,
        "minLength": 0,
        "position": 2
      },
      {
        "id": "265a3300-2870-459f-91aa-ef512434d1c0",
        "name": "Incident ID",
        "helpText": "",
        "defaultValue": "",
        "multiline": false,
        "required": true,
        "maxLength": 2000,
        "minLength": 0,
        "position": 3
      },
      {
        "id": "3131fc92-2461-4280-a0b5-dc7868a70037",
        "name": "Comment",
        "helpText": "",
        "defaultValue": "",
        "multiline": false,
        "required": true,
        "maxLength": 2000,
        "minLength": 0,
        "position": 4
      }
    ],
    "outputs": []
  },
  {
    "id": "db013d42-a7bc-4f2b-a11e-19dbe7497776",
    "name": "Create StatusHub Incident - StatusHub",
    "description": "Create Incident in StatusHub",
    "icon": "/static/images/script_steps/default-brackets.png",
    "script": "var incidentName = input[\"Incident ID\"] + \" - A new issue has been detected\";\n// Get service ID\n// Prepare the HTTP request\nvar serviceID = null;\nvar found = false;\nvar page = 1;\ndo {\n    var shRequest = http.request({\n        'endpoint': 'StatusHub',\n        'method': 'Get',\n        'path': '/api/status_pages/' + input[\"Subdomain\"] + '/services?api_key=' + input[\"API Key\"] + '&page=' + page + '&per_page=100'\n    });\n    page += 1;\n    shResponse = shRequest.write();\n    console.log( 'shResponse: ' + JSON.stringify( shResponse, null, 2 ) ); \n    var statusJson = JSON.parse( shResponse.body );\n    for ( i = 0; i < statusJson.length; i++ ) {\n        if ( statusJson[i].name == input[\"Service Name\"] ) {\n            serviceID = statusJson[i].id;\n            found = true;\n            break;\n        }\n    } \n} while ( statusJson.length == 100 & !found )\nif ( serviceID == null ) {\n    console.log( 'StatusHub Service not found');\n    return null;\n}\n// Create incident\n// Prepare the HTTP request\npayload = {\n    \"incident\": {\n        \"title\": incidentName,\n        \"update\": {\n            \"body\": \"A new issue has been detected\",\n            \"incident_type\": \"investigating\",\n        }\n    },\n    \"service_status\": {\n        \"status_name\": \"degraded-performance\"\n    }\n}\nvar shRequest = http.request({\n    'endpoint': 'StatusHub',\n    'method': 'POST',\n    'path': '/api/status_pages/' + input[\"Subdomain\"] + '/services/' + serviceID + '/incidents?api_key=' + input[\"API Key\"],\n    'headers': {\n        'Content-Type': 'application/json'\n    }\n});\n\nshResponse = shRequest.write( payload );\nconsole.log(\"Response: \" + JSON.stringify(JSON.parse( shResponse.body )));\n\n",
    "endpointAuthType": "NO_AUTH",
    "endpointLabel": "StatusHub",
    "scriptStepType": "PLAN",
    "inputs": [
      {
        "id": "8de2eeac-077a-4961-81d7-7dc1fbeca3e3",
        "name": "Subdomain",
        "helpText": "e.g. [subdomain].statushub.io",
        "defaultValue": "",
        "multiline": false,
        "required": true,
        "maxLength": 2000,
        "minLength": 0,
        "position": 0
      },
      {
        "id": "7f4b82ed-04ff-46a1-b483-78496e5c894a",
        "name": "API Key",
        "helpText": "Found at https://app.statushub.io/my/account/token",
        "defaultValue": "",
        "multiline": false,
        "required": true,
        "maxLength": 2000,
        "minLength": 0,
        "position": 1
      },
      {
        "id": "59a706f5-ed5d-4fc0-8a22-7fb8be668843",
        "name": "Service Name",
        "helpText": "Service name to create incidents under",
        "defaultValue": "",
        "multiline": false,
        "required": true,
        "maxLength": 2000,
        "minLength": 0,
        "position": 2
      },
      {
        "id": "7718e56b-dd0b-4180-b638-3b19d1608725",
        "name": "Incident ID",
        "helpText": "Unique identifier for incidents, use xMatters event.enentId",
        "defaultValue": "",
        "multiline": false,
        "required": true,
        "maxLength": 2000,
        "minLength": 0,
        "position": 3
      }
    ],
    "outputs": [
      {
        "id": "3b412307-5dd6-4409-8757-991b18a1ddd8",
        "name": "IncidentID",
        "position": 0
      }
    ]
  },
  {
    "id": "2ab7c2a3-8a7e-41b9-90a5-f12a48117363",
    "name": "Update Status on StatusHub Incident",
    "description": "Update Incident Status to `investigating`, `identified`, or `resolved`",
    "icon": "/static/images/script_steps/default-brackets.png",
    "script": "var incidentName = input[\"Incident ID\"] + \" - A new issue has been detected\"\n// Get service ID and incident\nvar serviceID = null;\nvar found = false;\nvar page = 1;\ndo {\n    var shRequest = http.request({\n        'endpoint': 'StatusHub',\n        'method': 'Get',\n        'path': '/api/status_pages/' + input[\"Subdomain\"] + '/services?api_key=' + input[\"API Key\"] + '&page=' + page + '&per_page=100'\n    });\n    page ++;\n    shResponse = shRequest.write();\n    var statusJson = JSON.parse( shResponse.body );\n    for ( i = 0; i < statusJson.length; i++ ) {\n        if ( statusJson[i].name == input[\"Service Name\"] ) {\n            serviceID = statusJson[i].id;\n            found = true;\n            break;\n        }\n    } \n} while ( statusJson.length == 100 && !found )\nif ( serviceID == null ) {\n    throw \"StatusHub Service not found for '\" + input[\"Service Name\"] + \"'\";\n}\n// Get data for incident\nvar StatusHubData = null;\nfound = false;\nvar page = 1;\ndo {\n    var shRequest = http.request({\n        'endpoint': 'StatusHub',\n        'method': 'Get',\n        'path': '/api/status_pages/' + input[\"Subdomain\"] + '/services/' + serviceID + '/incidents?api_key=' + input[\"API Key\"] + '&status=open&page=' + page + '&per_page=100'\n    });\n    page ++;\n    shResponse = shRequest.write();\n    var statusJson = JSON.parse( shResponse.body );\n    for ( i = 0; i < statusJson.length; i++ ) {\n        if ( statusJson[i].title.contains( incidentName ) ) {\n            StatusHubData = statusJson[i];\n            found = true;\n        }\n    } \n} while ( statusJson.length == 100 )\nif( StatusHubData === null ) {\n    throw \"No StatusHub incident found for '\" + incidentName + \"'\";\n}\nvar incidentID = StatusHubData.id;\nvar payload = {\n    \"incident\": {\n        \"title\": incidentName,\n        \"update\": {\n            \"incident_type\": input[\"Status\"]\n        }\n    },\n    \"service_status\": {\n        \"status_name\": \"degraded-performance\"\n    }\n};\n\n// Prepare the HTTP request\nvar shRequest = http.request({\n    'endpoint': 'StatusHub',\n    'method': 'PUT',\n    'path': '/api/status_pages/' + input[\"Subdomain\"] + '/services/' + serviceID + '/incidents/' + incidentID + '?api_key=' + input[\"API Key\"],\n    'headers': {\n        'Content-Type': 'application/json'\n    }\n});\nshResponse = shRequest.write(payload);\n",
    "endpointAuthType": "NO_AUTH",
    "endpointLabel": "StatusHub",
    "scriptStepType": "PLAN",
    "inputs": [
      {
        "id": "82f9e1c3-df3c-47f8-8db9-fbe843e295fd",
        "name": "Subdomain",
        "helpText": "",
        "defaultValue": "",
        "multiline": false,
        "required": true,
        "maxLength": 2000,
        "minLength": 0,
        "position": 0
      },
      {
        "id": "45102119-f83c-4689-bbdf-d42e2c3a4d4d",
        "name": "API Key",
        "helpText": "",
        "defaultValue": "",
        "multiline": false,
        "required": true,
        "maxLength": 2000,
        "minLength": 0,
        "position": 1
      },
      {
        "id": "bd2e0afe-030d-4e61-836f-8e412a5646ae",
        "name": "Service Name",
        "helpText": "",
        "defaultValue": "",
        "multiline": false,
        "required": true,
        "maxLength": 2000,
        "minLength": 0,
        "position": 2
      },
      {
        "id": "b24ec2a8-c494-4689-bb2c-52f43a71dcf9",
        "name": "Incident ID",
        "helpText": "",
        "defaultValue": "",
        "multiline": false,
        "required": true,
        "maxLength": 2000,
        "minLength": 0,
        "position": 3
      },
      {
        "id": "8dfa1901-a945-4bb1-ba81-bf9c4687eeaf",
        "name": "Status",
        "helpText": "Options are `resolved`, `investigating`, `identified`",
        "defaultValue": "investigating",
        "multiline": false,
        "required": true,
        "maxLength": 2000,
        "minLength": 0,
        "position": 4
      }
    ],
    "outputs": []
  }
]